title,description,creat_date,video_counts,subscriber_counts,view_counts
SQUEEZIE,clique sur une vidÃ©o nan??,2011-01-09T01:56:21Z,1456,17000000,9043483476
Cyprien,"Je fais des vidÃ©os, en plus tu peux mÃªme les regarder ! La nature fait bien les choses...",2007-02-25T22:14:05Z,202,14300000,2966191265
NORMAN FAIT DES VIDÃ‰OS,Je fais des vidÃ©os YouTube depuis... toujours ğŸ¤·ğŸ¼â€â™‚ï¸,2011-01-04T00:45:42Z,201,12000000,2662374516
OGGY,"Welcome to the official Oggy Youtube channel!

Subscribe and get new episodes of Oggy and the Cockroaches every week! Watch tons of gags and discover lots of exclusive material: assortment of episodes sorted by theme, a grab-bag of wacky excerpts, making-of, behind-the-scenes videosâ€¦ and a lot more! Join Oggy channel and boost your fun with Oggy, Joey, Dee Dee and Marky!!

Oggy and the cockroaches, a worldwide hit that kids and parents alike love watching together!
Heâ€™s blue, heâ€™s a good guy and he wouldnâ€™t hurt a fly. Here is OGGY, the only cat the word Â« feline Â» canâ€™t apply to. He would be the happiest of cats if three hideous cockroaches hadnâ€™t decided to settle inside his comfortable home: JOEY, DEEDEE, and MARKY. They are ugly, stupid, nasty and determined to make Oggyâ€™s life a misery. 
Itâ€™s fast, itâ€™s crazy and itâ€™s hilariousâ€¦ itâ€™s OGGY AND THE COCKROACHES!",2014-10-24T15:26:43Z,884,10700000,5456415811
GIMS,"ChaÃ®ne YouTube Officielle de GIMS ğŸ•¶

Retrouve tous ses contenus vidÃ©os ici.",2017-05-11T13:32:29Z,121,10500000,5696558126
Lofi Girl,"ğŸ¶ | study - chill - sleep - repeat

ğŸ§ | Listen on Spotify, Apple music and more
â†’   https://bit.ly/lofigirl-playlists

ğŸ’¬ | Join the Lofi Girl community 
â†’   https://bit.ly/lofigirl-discord
â†’   https://bit.ly/lofigirl-reddit

ğŸŒ | Lofi Girl on all social media
â†’   https://bit.ly/lofigirl-sociaI
",2015-03-18T15:36:55Z,312,10500000,1227545064
Lama FachÃ©,"Chaque jour, nous rassemblons pour vous les informations les plus spectaculaires et les plus incroyables en vidÃ©o.
Bienvenue dans un monde de  vidÃ©os Ã©tonnantes, drÃ´les ou insolites, mais toujours divertissantes.
Impossible de vous ennuyer car tous les jours, Lama FÃ¢chÃ© vous fait dÃ©couvrir le monde sans bouger de votre canapÃ© !

Alors abonnez-vous et ne ratez surtout pas la prochaine vidÃ©o du Lama fÃ¢chÃ© ;)
-----------------------------------

N'hÃ©sitez pas Ã  rejoindre Lama FachÃ© sur:

Site Web : www.lamafache.com
Facebook: https://www.facebook.com/lamafachetv
Instagram : https://www.instagram.com/lamafachepointcom
La Shop : https://shop.lamafache.com
Twitter : Lama FachÃ© n'a pas de compte Twitter",2016-02-21T02:46:05Z,1772,8910000,2171570613
Soolking Officiel,ChaÃ®ne YouTube Officielle de Soolking,2016-12-25T16:41:30Z,39,8840000,2030477253
Tibo InShape,"DAAMN ! Fun, Fitness, Petites, BOUUM ! 
Abonne-toi ! Nouvelle vidÃ©o toutes les semaines !

FACEBOOK : https://www.facebook.com/tiboinshape
INSTAGRAM : @tiboinshape
TWITTER : https://twitter.com/TiboInShape
SNAPCHAT : tiboinshape

MAIL : (Business contact UNIQUEMENT) : tiboinshapevideo@gmail.com",2008-08-15T07:35:10Z,940,8580000,3060101994
les boys tv2,,2017-02-07T15:33:26Z,371,999,4513020251
L'Algerino,"NOUVEL ALBUM ""MOONLIGHT"" DISPONIBLE PARTOUT : https://LAlgerino.lnk.to/Moonlight

ChaÃ®ne YouTube officielle de L'AlgÃ©rino - Abonnez-vous !",2010-01-26T21:37:24Z,110,8030000,2624680746
Amixem,"Voyages, ExpÃ©riences, DÃ©couvertes, Humour (des fois), LeBonCoin (Souvent), Amazon (Souvent aussi) et plein d'autres vidÃ©os qui rendent ma chaÃ®ne tellement indescriptible que du coup j'arrive pas Ã  finir cette phrase. 
MAIL PRO / BUSINESS INQUIRIES : contact@spoutnikagency.com",2012-11-09T15:29:18Z,653,7590000,2284437652
Michou,"Je vous partage mes passions ! â¤ï¸
",2015-02-22T18:30:44Z,635,7430000,1722757577
RÃ©mi GAILLARD,"ğŸ‡¬ğŸ‡§  RÃ©mi Gaillard is world famous for his dangerously funny videos. 

Unafraid of controversy, he has challenged the norms and expectations of online video with his creativity!

From bringing Pacman and Mario Kart to life and playing pranks in animal costumes, to taking on the likes of Ronaldo in a battle of football skills, RÃ©mi has done it all and shows no signs of stopping any time soon - his motto is, after all, ""C'est en faisant n'importe quoi qu'on devient n'importe qui""!

One things for sure - once you watch RÃ©mi's videos, you'll never look at an elevator in the same way...

ğŸ‡«ğŸ‡·  C'est en faisant n'importe quoi qu'on devient n'importe qui.

ğŸ¤¡  Subscribe for more :
http://bit.ly/ouiremi",2007-07-04T01:21:56Z,145,7290000,1906425499
Mcfly et Carlito,"C'est deux gars.
Notre chaÃ®ne secondaire : https://www.youtube.com/channel/UCtxhwJ-6n4_C6ElALThD25Q
Contact Pro : lefatshow@gmail.com",2012-12-19T11:30:52Z,297,7030000,1710072837
SYMPA,"Nous dÃ©sirons rÃ©unir le meilleur et le positif que lâ€™on peut trouver sur la toile en un seul lieu, sur Sympa
",2017-07-03T09:12:42Z,4887,6700000,1310760367
Aya Nakamura,"Welcome to Aya Nakamuraâ€™s official channel !

Listen to her album NAKAMURA : https://ayanakamura.lnk.to/nakamuraAY

Aya Nakamura is a chart-topping French-Malian pop singer mixing urban & Afrobeat sounds, mostly known for the #1 hit single and global smash Djadja (2018). 

Her debut album Journal Intime (2017) was certified GOLD propelled by the Platinum hit single Comportement. 

In Spring 2018 she released new single Djadja certified Diamond in France and Europe (Germany, Sweden, Portugal, Turkey, Romania, Bulgaria, Switzerland, Belgium...). Djadja has garnered over +430 Million Youtube views.

On Nov 2, 2018 the new ""queen of streaming"" released sophomore album NAKAMURA. Album quickly went Double Platinum. In 2019 she won the European Music Moves Talent Award (Best Urban album) and she earned her first nomination at BET Awards 2019 as Best International Act.

In August 2019 she collaborates with multi-platinum rapstar Lil Pump for a remix of her summer smash, â€˜Pookieâ€™.",2016-06-20T14:57:21Z,25,6590000,3125081730
Bigorneaux & Coquillages,"Cette chaÃ®ne s'appelle Bigorneaux & Coquillages, je sais mÃªme pas pourquoi. Bref, c'est Cyprien et Squeezie qui font des trucs pas spÃ©cialement intelligents en vidÃ©o, chaque semaine.",2013-04-01T20:53:38Z,266,6300000,889624457
PSG - Paris Saint-Germain,"Welcome to the official Paris Saint-Germain channel on Youtube!

ğŸ¥ Highlights, challenges, interviews, vlogs, live shows and much more 
ğŸ”” Turn your notifications on and never a miss a video 

ICI C'EST PARIS !

ğŸ”´ğŸ”µ Subscribe to the Paris Saint-Germain channel. ğŸ‘‰ http://smarturl.it/PSGOfficiel",2010-10-08T09:40:35Z,4480,6130000,690898705
DADJU,"https://dadju.lnk.to/Cullinan
""CULLINAN"" nouvel album le 13 MAI 2022 | Disponible en prÃ©commande ğŸ’
â€”â€”â€”â€”â€”â€”â€”â€”â€”â€”â€”â€”â€”â€”â€”â€”
""IMA"" LE 1er FILM DE DADJU AU CINEMA LE 11 MAI 2022
â€”â€”â€”â€”â€”â€”â€”â€”â€”â€”â€”â€”â€”â€”â€”â€”
Parc des Princes le 18 Juin 2022 !
â¡ https://smarturl.it/DadjuPOATourâ€‹
",2012-05-31T20:26:08Z,138,6100000,2623402903
Monde des Titounis,"Bienvenue sur la chaÃ®ne pour enfants : Monde des Titounis !
Ici, les petits enfants trouveront chaque semaine de nouvelles vidÃ©os pour chanter (avec une sÃ©lection des meilleurs comptines et chansons en franÃ§ais et en anglais), apprendre le franÃ§ais (avec des vidÃ©os Ã©ducatives pour apprendre l'alphabet, les chiffres, les couleurs etc...) et rÃªver (avec une sÃ©lection des meilleurs contes et histoires de Grimm, Perrault ou Andersen Ã  Ã©couter et Ã  regarder en famille).

Monde des petits Titounis est une chaÃ®ne Ã©tudiÃ©e pour tous les bÃ©bÃ©s, tous les enfants et tous les parents qui veulent passer un bon moment ! Et surtout n'oubliez pas de nous rejoindre sur le site https://www.titounis.fr/",2006-07-10T08:19:37Z,978,6070000,5381932481
DORETDEPLATINE,"Nouvel Album dispo en PrÃ©commande :  https://jul.bfan.link/extraterrestre
",2012-11-21T23:37:19Z,217,6020000,3620303862
Mister V,"Tu vas bien ?

INSTAGRAM : http://www.instagram.com/yvick
FACEBOOK : http://www.facebook.com/Mis...
TWITTER : http://www.twitter.com/Mist...

",2008-11-20T20:37:04Z,29,5930000,427380169
Swan & NÃ©o,"Yo tout le monde !

Bienvenue sur notre chaÃ®ne Swan & NÃ©o !

Moi c'est Swan, j'ai 10 ans, j'adore le gaming, les challenges, l'aventure et m'Ã©clater !  Tu peux aussi me retrouver sur mon autre chaÃ®ne Youtube: Swan Gaming.
Moi c'est NÃ©o, j'ai 16 ans, j'adore les sensations fortes, le gaming, les parcs d'attractions et MANGER . Tu peux aussi me retrouver sur mon autre chaÃ®ne Youtube: NÃ©o The One.

Ici on partage nos passions et un maximum de fun !

Abonne-toi pour faire partie de la famille !


* Chaine gÃ©rÃ©e sous la supervision d'un adulte

",2015-04-16T20:12:06Z,2087,5920000,6607198671
Niska Officiel,"Official Youtube channel of the artist ""Niska""",2012-08-09T21:59:53Z,105,5630000,2135594381
BRICO SYMPA,"Projets brico sympas, bricolage, dÃ©couvre la joie de le faire toi-mÃªme!

CHAÃNE OFFICIELLE

",2017-10-30T11:33:26Z,4412,5630000,1566535477
TheSoundYouNeed,"Subscribe to TSYN and discover

The finest music of our time.

âœ™ Bass âœ™ UK House âœ™ Future Garage âœ™ Lounge music âœ™ Hip-Hop âœ™ Minimal âœ™ & More..

If you want to stay even more up-to-date, you can track us on Facebook, Tumblr, Soundcloud, Twitter and Instagram
-Â - - - - - - - - - - - 
-Â - - - - - - - - - - - 
Contact Us

TheSoundYouNeed 
 De Beauvoir Crescent, 
London, N1 5SB
Unites Kingdom 



(Disclaimer) We do not own all of these songs. All songs found on the YouTube Channel TSYN are for promotional reasons only. Any artistic perspective portrayed in any of the songs comes from the artist of the song only. No views expressed in the songs come from TSYN, Only the artists themselves.",2012-12-19T17:21:09Z,462,5590000,2799894800
PNL,"Nouvel album Â« Deux FrÃ¨res Â» disponible maintenant : https://fanlink.to/Deuxfreres

INSTA : https://instagram.com/pnlmusic
FB : https://www.facebook.com/Pnlmusic
TWITTER : https://twitter.com/pnlmusic",2014-04-10T07:45:01Z,28,5580000,2081037383
SkyrockFM,"Bienvenue sur la page YOUTUBE officielle de la radio SKYROCK 
Retrouve l'ensemble des vidÃ©os Difool, PlanÃ¨te Rap et bien + ! 

Ã‰coute en non-stop ta radio prÃ©fÃ©rÃ©e sur le site officiel http://skyrock.fm/ et sur ton application mobile et/ou tablette â‡¢ https://skyrock.fm/get-apps

Rendez-vous chaque matin avec Difool, Romano, Cariole, CÃ©dric, RÃ©mi et Samy dans le #MorningDeDifool 6h-9h

Chaque soir Ã©galement avec Difool, Romano, Marie, CÃ©dric, Karim et Samy dans la #RadioLibreDeDifool 21h-00h 

Avec Fred Musa dans PlanÃ¨te Rap l'Ã©mission rap de rÃ©fÃ©rence, juste avant 20h, avec tous les soirs des nouveaux lives vidÃ©os ! 

+ toute l'Ã©quipe d'animateurs : Mehdi, Mrik, StÃ©phane, Vincent , Priska, Maxime et Corentin !",2013-03-14T17:30:46Z,7691,5520000,2639928188
ĞœĞ°ÑˆĞ° Ğ¸ ĞœĞµĞ´Ğ²ĞµĞ´ÑŒ,"Â«ĞœĞ°ÑˆĞ° Ğ¸ ĞœĞµĞ´Ğ²ĞµĞ´ÑŒÂ» - ÑÑ‚Ğ¾ ÑĞ°Ğ¼Ñ‹Ğ¹ Ğ¿Ğ¾Ğ¿ÑƒĞ»ÑÑ€Ğ½Ñ‹Ğ¹ Ñ€Ğ¾ÑÑĞ¸Ğ¹ÑĞºĞ¸Ğ¹ Ğ¼ÑƒĞ»ÑŒÑ‚ÑĞµÑ€Ğ¸Ğ°Ğ» Ğ´Ğ»Ñ Ğ²ÑĞµĞ¹ ÑĞµĞ¼ÑŒĞ¸, Ñ€Ğ°ÑÑĞºĞ°Ğ·Ñ‹Ğ²Ğ°ÑÑ‰Ğ¸Ğ¹ Ğ¾ Ğ´Ñ€ÑƒĞ¶Ğ±Ğµ Ğ±Ñ‹Ğ²ÑˆĞµĞ³Ğ¾ Ñ†Ğ¸Ñ€ĞºĞ¾Ğ²Ğ¾Ğ³Ğ¾ Ğ°Ñ€Ñ‚Ğ¸ÑÑ‚Ğ° ĞœĞµĞ´Ğ²ĞµĞ´Ñ Ğ¸ Ğ¼Ğ°Ğ»ĞµĞ½ÑŒĞºĞ¾Ğ¹ Ğ²ĞµÑĞµĞ»Ğ¾Ğ¹ Ñ…ÑƒĞ»Ğ¸Ğ³Ğ°Ğ½ĞºĞ¸ ĞœĞ°ÑˆĞ¸, ĞºĞ¾Ñ‚Ğ¾Ñ€Ğ°Ñ Ğ½Ğµ Ğ´Ğ°ĞµÑ‚ ÑĞºÑƒÑ‡Ğ°Ñ‚ÑŒ Ğ½Ğµ Ñ‚Ğ¾Ğ»ÑŒĞºĞ¾ ĞµĞ¼Ñƒ, Ğ½Ğ¾ Ğ¸ Ğ²ÑĞµĞ¼ Ğ»ĞµÑĞ½Ñ‹Ğ¼ Ğ¶Ğ¸Ñ‚ĞµĞ»ÑĞ¼.

Ğ¡Ğ¼Ğ¾Ñ‚Ñ€Ğ¸Ñ‚Ğµ Ğ²ÑĞµ ÑĞµÑ€Ğ¸Ğ¸ ĞœĞ°ÑˆĞ° Ğ¸ ĞœĞµĞ´Ğ²ĞµĞ´ÑŒ, ĞœĞ°ÑˆĞ¸Ğ½Ñ‹ Ğ¡ĞºĞ°Ğ·ĞºĞ¸, ĞœĞ°ÑˆĞºĞ¸Ğ½Ñ‹ Ğ¡Ñ‚Ñ€Ğ°ÑˆĞ¸Ğ»ĞºĞ¸ Ğ¾Ğ½Ğ»Ğ°Ğ¹Ğ½ Ğ½Ğ° Ğ½Ğ°ÑˆĞµĞ¼ ĞºĞ°Ğ½Ğ°Ğ»Ğµ YouTube!",2011-05-31T09:32:03Z,1151,37900000,32084688921
Kevin Tran é™ˆç§‘ä¼Ÿ,"I make cool vids with a French touch!
",2012-08-01T22:03:58Z,146,5420000,1112908534
Osratouna tv - Ù‚Ù†Ø§Ø© Ø£Ø³Ø±ØªÙ†Ø§,"Muslim Kid Videos!
We know family values matter to you.   
We create fun, Muslim, value-driven content for your kids.
Arabic Kids songs, islamic cartoons and more! Learn and explore with Osratouna.
Please support us by subscribing to channel and please share this channel with family and friends.

Nous savons que les valeurs familiales comptent pour vous.
Nous crÃ©ons du contenu amusant et axÃ© sur la valeur pour les petits musulmans.
Chansons arabes pour enfants, dessins animÃ©s islamiques et plus encore! Apprenez et explorez avec Osratouna.
Merci de nous soutenir en vous abonnant Ã  la chaÃ®ne et de partager cette chaÃ®ne avec votre famille et vos amis.",2012-01-26T09:05:30Z,366,5440000,3129408306
Aymane Serhani,Bienvenue sur la chaÃ®ne officielle de Aymane Serhani CERTIFIÃ‰E par Youtube,2013-02-28T14:38:34Z,35,5400000,1315044475
Oscar Canto,"â™ªWelcome To My YouTube Channelâ™ª

â™¤I Hope You Enjoy My Music Contentâ™¤
â™¤I Upload Albums Of Songs By Various Artistsâ™¤

â™«Each Month There Will Be A Time Of Rest To Wait For Copyright Noticesâ™«

More Albums Coming Soon...
",2019-07-31T18:07:02Z,181,8610,4678379
Natoo,"Retrouvez moi sur 
ğŸ“¸ Insta : https://www.instagram.com/natoogram/
ğŸ’™ TikTok : https://www.tiktok.com/@natoo
ğŸ‘» Snap : ",2006-12-21T10:31:26Z,132,5160000,843945751
Inoxtag 2.0,"Hey ! bienvenue sur ma chaÃ®ne secondaire, tu trouveras ici des Redifs/Best of de live !
Merci de t'Ãªtre abonnÃ© !",2020-01-11T17:14:30.901938Z,139,1800000,154413098
Anas,"Business : anas@rachimedia.com

|www.wizdeo.com|",2014-04-11T12:58:14Z,1834,5030000,1719989633
SEB,"Bienvenue sur ma chaÃ®ne : des fois j'fais des blagues, des fois des documentaires, des fois de la musique.
",2011-11-25T20:40:54Z,138,4910000,602306951
Lartiste,"Bienvenue sur la chaÃ®ne officielle de Lartiste et de son label NuDeal

DÃ©couvrez toutes les signatures NuDeal :
â¡ï¸ https://mtl.fm/OnEstEnsemble#!

Quartier Latin Volume 1, disponible le premier fÃ©vrier : 
â¡ï¸ https://LARTISTE.lnk.to/QLV1",2008-05-27T08:55:27Z,51,4850000,1998241129
FRANCE 24,"Page YouTube officielle de FRANCE 24, votre chaÃ®ne d'information internationale 24h/24h.
Abonnez-vous : https://f24.my/YouTube
Regardez les vidÃ©os sur l'information internationale aux 4 coins du monde !",2006-03-04T13:45:05Z,94174,4790000,1861659555
JOYCA,"Jordan Aka JOYCA
Beatmaker/Youtuber",2016-05-24T21:25:25Z,332,4800000,1016695889
CYRILmp4,Jâ€™explore la crÃ©ation !,2010-07-11T10:32:40Z,946,4760000,1202884774
Disney FR,"Laissez-vous emporter par la magie... Bienvenue sur la chaÃ®ne YouTube officielle de Disney !
Des Aristochats au Roi Lion, en passant par La Reine des Neiges ou Vaiana, la lÃ©gende du bout du monde : toutes les chansons des Grands Classiques Disney sont lÃ  !
Apprenez-en plus sur nos films Ã  venir : bandes-annonces, extraits, bonus et bien plus encore !

Visitez notre site : https://disney.fr
Instagram : https://www.instagram.com/DisneyFR
Facebook : https://www.facebook.com/disneyfrance
Twitter : https://twitter.com/disneyfr",2007-12-07T11:09:03Z,2651,4740000,3627521791
HugoPOSAY,"Le mec qui fait des vidÃ©os sur YouTube. Câ€™est comme Ã§a quâ€™on dit ?

------------------

E-MAIL PRO / BUSINESS ENQUIRIES : hugoposay@gmail.com",2011-05-10T18:03:47Z,387,4700000,857467000
Grizzy & les Lemmings,"Bienvenue sur la chaÃ®ne de Grizzy & les Lemmings !

Il est gros comme un ours, fort comme un ours, intelligent... comme un ours. Aucun animal, c'est sÃ»r, n'oserait contester ses privilÃ¨ges dans toute la faune du Canada. A l'exception prÃ¨s dâ€™un groupe issu de la famille la plus inoffensive, stupide et ridicule de tous les mammifÃ¨res : les lemmings.

Chaque semaine retrouve une nouvelle vidÃ©o.

â–º Pour t'abonner: http://bit.ly/2sSUFy7",2017-05-10T14:12:39Z,228,4660000,2061278588
IbraTV,"Bienvenue sur la chaÃ®ne ""IBRATV"" ! 
Cette chaÃ®ne vous propose divers vidÃ©os sociales et humoristiques dans la joie et bonne humeur . 
N'hÃ©sitez pas Ã  vous abonner , c'est toujours gratuit ! ;) !

Contact  pro : contact@ibratv.com",2014-10-27T19:43:10Z,134,4590000,419972926
FastGoodCuisine,"Olaaa ! Je suis Charles de FastGoodCuisine, la premiÃ¨re chaÃ®ne de cuisine en France,
Vous y trouverez de dÃ©licieuses recettes rapides et faciles Ã  reproduire Ã  la maison, des astuces ""Food hack"",des vidÃ©os insolites, et d'autres concepts divertissants comme le Yes Man challenge, les VS, les dÃ©couvertes....

Nouvelles vidÃ©os toutes les semaines, au programme de la cuisine, de l'humour, des dÃ©gustations, des vlogs et des des challenges liÃ©s Ã  la cuisine (ou pas!)

#FastGoodCuisine #Cuisine #Food 

Abonne-toi rapidement en Cliquant sur ""S'abonner """,2012-08-28T17:45:30Z,1149,4510000,853493644
Black M,"NOUVEAU TITRE Â«Â OUTFITÂ Â» DISPONIBLE 
https://blackm.s-ib.link/Outfit

En prÃ©paration de mon 4 eme album Â«Â LA LÃ‰GENDE BLACKÂ Â» ",2018-04-18T16:47:13Z,47,4500000,1791982644
Ninho,"""JEFE"" le nouvel album disponible ici : https://ninho.lnk.to/jefeAY
",2013-09-14T14:49:07Z,71,4430000,2535000367
ProviSound,"Bienvenue sur la chaÃ®ne du label Provisound. 
Vous retrouverez iÃ§i le meilleur de la musique chaabi et populaire du Maroc, de nombreuses compilations amazigh ainsi que les meilleures productions cinÃ©matographiques.

Welcome to the ProviSound label channel.
You will find here the best of the chaabi and popular Music of Morocco, many Amazigh compilations as well as the best cinematographic productions.",2011-09-22T08:37:19Z,1463,4350000,2235110770
Mhd Officiel,MHD Official Channel,2015-09-14T18:34:11Z,26,4350000,1476982288
Soprano Officiel,"Retrouvez toute l'actualitÃ© vidÃ©o de Soprano sur cette chaÃ®ne officielle.

Retrouvez tous les produits Fans sur  : www.soprashop.com
",2007-07-17T18:09:31Z,279,4260000,2782747980
SQUEEZIE GAMING,"- Au moins deux best of chaque semaine
- En live sur ma chaÃ®ne Twitch chaque Jeudi de 20h Ã  00h
- TÃ©lÃ©charge l'extension Squeezie pour Ãªtre notifiÃ© quand je live : https://extensionsqueezie.fr/",2018-09-10T15:26:08Z,467,4240000,1430102652
FilmsActu,"FilmsActu : le meilleur coin Ã  champignons pour mater toutes les bandes annonces des films Ã  venir ! 

",2009-10-16T09:05:21Z,9888,4190000,2876609914
Dr Nozman,"Science & ExpÃ©rience !

Contact : nozman.contact@gmail.com",2011-05-28T16:22:52Z,521,4170000,744790299
L'atelier de Roxane,"Bienvenue dans mon Atelier, sur ma jolie chaine de cuisine ou plus exactement ... de pÃ¢tisserie ! â™¡
Vous m'avez peut Ãªtre dÃ©jÃ  vu dans l'Ã©mission du meilleur PÃ¢tissier sur M6, passionnÃ©e de cake design, nous allons faire ensemble des Cupcakes, des gÃ¢teaux cake design, des cake pops ...des recettes kawaii,  gourmandes, sucrÃ©es, faciles et rapides mais aussi des recettes de pÃ¢tisseries traditionnelles un peu plus techniques !
On abordera tous les thÃ¨mes en accord avec les saisons, des buches de noÃ«l, des oeufs de pÃ¢ques, rien ne nous Ã©chappe â™¡

En bonus (et pas des moindres) j'ai ma jolie princesse Louane qui m'accompagne dans mes recettes du mercredi, entiÃ¨rement consacrÃ©es aux enfants ! Aussi, vous pouvez nous retrouver le week end dans des challenges gourmands (ou pas!) avec pour seul but de rire ensemble  

Abonnez-vous vite Ã  ma chaine â™¡",2015-07-28T08:22:40Z,837,4160000,1430671828
Furious Jumper,"Comment dire ? SÃ»rement une des chaÃ®nes YouTube la plus survoltÃ©e de tous les temps !

Contact pro (Uniquement pro) : contact@furious.yt

Musique d'Intro : Geoplex
",2012-03-18T07:48:30Z,4696,4140000,3746060294
Mastu,"RÃ©alisant des vidÃ©os essentiellement basÃ©es sur l'humour et le divertissement, tu trouveras de tout sur ma chaÃ®ne, en passant par quelques vlogs, vidÃ©os en voiture, de la musique, des vidÃ©os studios solo, Ã  plusieurs... TrÃ¨s original n'est-ce pas ? (dis oui stp) Allez, installe-toi confortablement, et abonne-toi ! Contenu tout public et adaptÃ© aux annonceurs ! (Ã§a c'est une phrase pour que youtube me kiffe)

Twitter â–º https://twitter.com/Mastuu_
Instagram â–º Mastuu_

Â« Orewa kaizoku oni naru otokoda Â»",2015-08-15T17:23:35Z,279,4060000,556187309
GOTAGA,"Ancien joueur pro sur Call of Duty, actuellement le plus titrÃ© en France. 
Grand fan des FPS / TPS et de la performance en gÃ©nÃ©ral, cette chaÃ®ne vÃ©hicule ma passion : le Gaming !

â–º Contact : contact@gotaga.tv",2008-08-31T14:07:25Z,1091,3900000,790829093
Le Monde de Little Angel FranÃ§ais - Comptines BÃ©bÃ©,"Bienvenue sur Little Angel - FranÃ§ais! Vous y dÃ©couvrirez les aventures de BÃ©bÃ© Louis, Maman, Papa, LÃ©o et LÃ©a! Les plus belles histoires, en dessins animÃ©s et en comptines Ã©ducatives, pour toute la famille. De nouveaux Ã©pisodes vidÃ©os chaque semaine, prÃ©sentÃ©s en comptines et en chansons, pour le plaisir des plus petits enfants et des bÃ©bÃ©sâ€¦ Nos vidÃ©os sont Ã©ducatifs et pÃ©dagogiques: BÃ©bÃ© Louis  chez le Docteur ou chez le Dentiste, comment brosser ses dents ou prendre son bain  en passant aussi par les animaux du Zoo ou le Parc Aquatique. 

Des comptines en franÃ§ais et des chansons Ã©ducatives pour chanter et apprendre. Les dinosaures,lâ€™alphabet, les couleurs ou mÃªme, le franÃ§ais! Sans oublier les comptines classiques pour la maternelle: Lâ€™AraignÃ©e Gipsy, BINGO, Humpty Dumpty, BÃ©bÃ© Requin ou les contes de Grimm et dâ€™Andersen. Un contenu adaptÃ© aux bÃ©bÃ©s; mais aussi aux plus grands!",2018-01-26T22:18:15Z,515,3920000,2520611297
Le Monde Ã  L'Envers,,2014-01-09T18:38:13Z,180,3880000,815499133
Greg Guillotin,Instagram : http://instagram.com/gregguillotin,2016-02-04T15:18:43Z,110,3880000,572423591
MaitreGimsVEVO,"Bienvenue sur la chaÃ®ne officielle de MaÃ®tre Gims de la Sexion dâ€™Assaut. Retrouvez tous les tubes de son album Subliminal en vidÃ©o ainsi que lâ€™album complet en Ã©coute. De Bella, Jâ€™me tire, Changer ou encore Zombie, revivez les moments forts du MaÃ®tre de la Sexion. Abonnez-vous Ã  la chaÃ®ne et soyez ainsi les premiers informÃ©s de la sortie de ses nouvelles vidÃ©os.",2013-02-19T21:16:38Z,99,3870000,3621153892
Pierre Croce,Youtubeur fitness,2012-05-20T13:27:53Z,779,3860000,1286925619
TheKAIRI78,,2011-08-08T22:29:42Z,4402,3840000,1389885822
LeBouseuh,ZÃ© parti !,2015-10-01T10:07:15Z,766,3830000,773595443
Palmashow,"Palmashow revient tous les vendredis Ã  17h, 
Et toutes leurs vidÃ©os sont ici :
- Palmashow vidÃ©os - http://www.youtube.com/watch?v=RdjgzhO49e8&list=PL76oDTZ7imiYvhNq396IxKtOvxsutT9WJ&index=2
- Les sketches de Palmashow L'Ã©mission - http://www.youtube.com/playlist?list=PL76oDTZ7imiavuSHTC_tPP4CDbGNgCFq3
- Le meilleur des saisons 1 et 2 de Very Bad Blagues - http://www.youtube.com/playlist?list=PL76oDTZ7imia7B0GGeosHtIz_vpQZxby7
- Le meilleur des parodies La Folle Histoire du Palmashow - http://www.youtube.com/playlist?list=PL76oDTZ7imiYgutvOd8pMocIRJXkc8V7E

Abonne-toi pour recevoir toutes les nouvelles vidÃ©os du Palmashow : www.youtube.com/subscription_center?add_user=Palmashow
Retrouve aussi le Palmashow sur le web et les rÃ©seaux sociaux...

Retrouve ""Les monos de ski"" en tÃ©lÃ©chargement lÃ©gal sur iTunes : http://bit.ly/1dCtSuo",2006-11-09T17:25:13Z,298,3800000,2169598833
B20baOfficiel,"Chaine officielle de BOOBA.
Nouvel album ULTRA disponible
TrÃ´ne, et aussi Nero Nemesis, PanthÃ©on, Ouest Side, 0.9, Lunatic, Futur, Futur 2.0 et D.U.C",2010-08-23T08:53:53Z,152,3800000,2212870890
Marwa Loud,"Mon nouveau single Clip ""Ghir Ntiya"" avec Moha K est disponible partout !

Retrouve tous mes autres clips ici : https://youtube.com/playlist?list=PLVzul_TkyT1EXrrNm4JuJ8cGzWzsuv-V6

Abonne-toi et sois le premier Ã  voir mes clips !",2017-04-21T09:03:59Z,46,3870000,1297106724
Mok Saib,"Mok Saib a grandi Ã  Boufarik, en banlieue dâ€™Alger. Il entame sa carriÃ¨re artistique en tant que break-dancer et apprend la guitare entre deux danses. Il fonde par la suite le groupe BFK avec qui il dÃ©veloppera ce cÃ´tÃ© musical. 
Voulant aller encore plus loin sur cette voie, il sâ€™envole pour Londres oÃ¹ il est installÃ© depuis 2009. Il y rejoint plusieurs groupes de rock tout en faisant un vÃ©ritable buzz sur la toile avec ses covers de hits en anglais, franÃ§ais et arabe, suscitant des millions de vues Ã  chaque nouvelle vidÃ©o.
En vÃ©ritable artiste, Mok est aujourdâ€™hui un auteur, compositeur et interprÃ¨te accompli. Il prÃ©pare son premier album de pop entre Londres, Paris et Alger. On y retrouve parfaitement son univers musical oÃ¹ sâ€™entremÃªle des sonoritÃ©s allant du Coldplay, Ed Sheeran et Shawn Mendes, en passant par du Nirvana et du Michael Jackson. Ses influences musicales algÃ©riennes sont tout aussi prÃ©sentes avec le raÃ¯ .",2011-12-29T15:52:57Z,45,3800000,743225174
MichouOff,"Yo ! C'est Michou, bienvenue sur ma chaÃ®ne gaming MichouOff !
Cette chaÃ®ne est consacrÃ© aux rediffusions de mes lives, je publie des vidÃ©os condensÃ©s et montÃ©s ğŸ˜‰
Pour les grosses vidÃ©os concepts, il y'a ma chaÃ®ne ""Michou"" ou je fais plus de l'IRL
",2018-04-22T13:08:31Z,689,3720000,1035847763
GameMixTreize,"Ici tu trouveras beaucoup de vidÃ©os de tout styles, des vidÃ©os dÃ©gustations, des vidÃ©os d'airsoft, vidÃ©os gaming, des vlogs, des challenges, des pranks, des tops et bien d'autres choses. 

Vous allez me suivre durant mes diffÃ©rents voyages, accompagnÃ© de ma femme et bien d'autres encore ...

Je suis prÃªt Ã  vous en mettre plein la vue ! 

Rentrez dans mon univers Ã©clatez-vous en regardent ces vidÃ©os kiffÃ© et surtout abonnez-vous

â–¬â–¬â–¬â–¬â–¬â–¬â–¬â–¬â–¬â–¬â–¬â–¬â–¬â–¬â–¬â–¬â–¬â–¬â–¬

Qui suis je ?

PrÃ©nom : Abdel
Age : 28 ans 
Ville : Grenoble

â–¬â–¬â–¬â–¬â–¬â–¬â–¬â–¬â–¬â–¬â–¬â–¬â–¬â–¬â–¬â–¬â–¬â–¬â–¬

RÃ©seaux sociaux :

Snapchat : gamemixtreizeyt
Instagram : gamemixtreizeoff
Twitter: @GameMixTreize 
Facebook : Abdel Aridi 
Ma page facebook : @GameMixTreizeOff


â–¬â–¬â–¬â–¬â–¬â–¬â–¬â–¬â–¬â–¬â–¬â–¬â–¬â–¬â–¬â–¬â–¬â–¬â–¬",2013-06-08T09:53:51Z,5953,3680000,1743212746
Skyprods Officiel,"Producteur et Ã©diteur musical, nous encourageons la crÃ©ativitÃ© des artistes, les accompagnons dans leur dÃ©veloppement de la crÃ©ation jusqu'Ã  la commercialisation, dÃ©fendre ses artistes sur tous les fronts de l'industrie musicale : conseiller nos artistes, les entourer de partenaires appropriÃ©s, et veiller au suivi de leurs droits.",2014-12-22T01:07:07Z,385,3690000,916270209
Joueur Du Grenier,Test de jeux Ã  la con !,2009-09-29T14:07:35Z,148,3680000,997884599
EnjoyPhoenix - Marie Lopez,"Marie, 27 ans, et sur Youtube depuis 2011 
Je partage avec vous mon quotidien, mes habitudes, mes coups de coeurs mais aussi mes coups de gueule ğŸ˜…

N'oubliez pas d'activer la petite cloche ğŸ”” pour Ãªtre prÃ©venu dÃ¨s qu'une nouvelle vidÃ©o est en ligne, et n'hÃ©sitez pas Ã  me donner vos avis en commentaires ! â¤ï¸

â¦ POUR LES CONTACTS PRO UNIQUEMENT : ENJOYPHOENIX@POINTDORGUE.CO
â¦ FOR BUSINESS INQUIRIES ONLY, CONTACT ME AT : ENJOYPHOENIX@POINTDORGUE.CO

A B O N N E - T O I : https://bit.ly/2H5a4Fs
M E S  V L O G S : https://bit.ly/34mKGEC
C H A Ã N E  D E  C O O K I N G : https://bit.ly/3e6hm9O
I N S T A G R A M : http://instagram.com/enjoyphoenix
T W I T C H : https://www.twitch.tv/enjoyphoenix
T I K T O K : enjoyphoenix
F A C E B O O K : https://www.facebook.com/EnjoyPhoenixChannel/
",2010-10-14T09:23:45Z,884,3670000,632784032
Kendji Girac,ChaÃ®ne YouTube officielle de Kendji Girac,2014-04-06T17:38:37Z,93,3630000,2109781589
Le Woop,"Le Woop dÃ©barque sur Youtube ! Avec Mister V, Hugo Tout Seul, Youssoupha Diaby, JÃ©rÃ©mie Dethelot, Mike Kenli, Hakim Jemili et Malcolm TotheWorld.

Le Woop, c'est un collectif de sept jeunes humoristes amÃ©ricains qui se forcent Ã  parler franÃ§ais pour le public mais qui en vrai viennent de Brooklyn.

Apres plus de 200 dates de show en France, 5 Bataclan complets, on les retrouve le 27 avril au Grand Rex. http://www.billetreduc.com/151017/evt.htm
Et toujours en tournÃ©e dans toute la France : http://www.billetreduc.com/129662/evt.htm

TÃ©lÃ©chargez l'application officielle Le Woop ici: 
Version android:    http://bit.ly/1JQ5nIc
Version iOS: http://apple.co/1KGvBA5

Management : alexandra.yahproductions@gmail.com",2014-02-04T18:19:00Z,188,3580000,707740343
LaChaineDeJeremy,Tout ce qui est drÃ´le moi j'adore,2011-06-03T21:31:29Z,108,3590000,471652997
Golden Moustache,"PAS DE PANIQUE. Vous Ãªtes sur Internet.

La chaÃ®ne Youtube du GOLDEN MOUSTACHE est unique au monde. 
Elle ne dÃ©gage que 137 kg de CO2 par vidÃ©o, ce qui est relativement Ã©norme. Â 
Le site original est bien mieux que cette chaine en bois de cagette, puisqu'il hÃ©berge en masse Humour, blagues, blagounettes, galÃ©jades drolatiques, parodies humoristiques, sketches comiques, dÃ©tournements agrÃ©ables, vidÃ©os drÃ´les et autres boutades hilarantes de type WTF, du LOL bien aiguisÃ© et de la vidÃ©o virale toute neuve avec encore l'Ã©tiquette dessus. 
Ce texte a Ã©tÃ© rÃ©digÃ© par HonorÃ© de Balzac, de nuit.",2012-09-24T15:34:20Z,331,3580000,1039541137
ANDY,"La chaÃ®ne d'une fille
Qui parle de trucs de filles!",2013-03-27T10:03:56Z,57,3520000,452368401
LaSalle,"Bienvenue sur ma chaine LaSalle, spÃ©cialisÃ©e dans Grand Theft Auto V

1er sur GTA

2 vidÃ©os par jour sur GTA 5

Email pro : FilouLasalle@gmail.com",2011-12-29T15:15:13Z,4070,3520000,2313319323
Cauet,"La chaÃ®ne officielle de Cauet, c'est toujours plus de kiff et de partage ! 

Des vidÃ©os exclusives de C'Cauet Sur NRJ tous les soirs de 15h Ã  20h. Des dÃ©fis insolites, des parodies, des lives et de la bonne humeur ... 


Et bien plus encore...",2009-10-30T10:11:27Z,4422,3450000,1849672437
LaFouineVEVO,"La Fouine sur Vevo â€“ Clips Officiels, Lyric VidÃ©os, Concerts Live, Interviews et bien plusâ€¦",2009-10-15T19:10:24Z,107,1190000,665236605
YoTips,"Hey! Welcome to my Youtube channel! Very happy to see you here, my name is Yousr I'am a professional Makeup artist based in Paris, France and I do fun educational beauty videos on channel ( and also some lifestyle vlogs ) ! 
Ù€Ù€Ù€Ù€Ù€Ù€Ù€Ù€Ù€Ù€Ù€Ù€Ù€Ù€Ù€Ù€Ù€Ù€Ù€Ù€Ù€Ù€Ù€Ù€Ù€Ù€Ù€Ù€Ù€Ù€Ù€Ù€Ù€Ù€Ù€Ù€Ù€Ù€Ù€Ù€Ù€Ù€Ù€Ù€Ù€Ù€Ù€Ù€Ù€Ù€Ù€Ù€Ù€Ù€Ù€
 ØªØ§Ø¨Ø¹ÙˆÙ†ÙŠ Ø¹Ù„Ù‰ Ø§Ù†Ø³ØªØºØ±Ø§Ù…/follow me on instagram : https://www.instagram.com/yousr.fg/
 ØªØ§Ø¨Ø¹ÙˆÙ†ÙŠ Ø¹Ù„Ù‰ Ø³Ù†Ø§Ø¨ Ø´Ø§Øª/ follow me on snapchat : https://www.snapchat.com/add/Yousr.fg
 ØªÙÙ‚Ø¯Ùˆ ØµÙØ­Ø© Ø§Ù„Ø¬Ù…Ø§Ù„  Ø§Ù„Ø®Ø§ØµØ© Ø¨ÙŠ Ø¹Ù„Ù‰ ÙÙŠØ³ Ø¨ÙˆÙƒ/ my facebook page : https://www.facebook.com/Yousr.mua/
Ù€Ù€Ù€Ù€Ù€Ù€Ù€Ù€Ù€Ù€Ù€Ù€Ù€Ù€Ù€Ù€Ù€Ù€Ù€Ù€Ù€Ù€Ù€Ù€Ù€Ù€Ù€Ù€Ù€Ù€Ù€Ù€Ù€Ù€Ù€Ù€Ù€Ù€Ù€Ù€Ù€Ù€Ù€Ù€Ù€Ù€Ù€Ù€Ù€Ù€Ù€Ù€Ù€Ù€Ù€
Ù„ÙƒÙ„ Ø·Ù„Ø¨Ø§Øª Ø§Ù„ØªØ¹Ø§ÙˆÙ† Ùˆ Ø§Ù„Ø§Ø¹Ù„Ø§Ù†/ for business/reviews inquiries :
Yocontactpro@gmail.com
Ù€Ù€Ù€Ù€Ù€Ù€Ù€Ù€Ù€Ù€Ù€Ù€Ù€Ù€Ù€Ù€Ù€Ù€Ù€Ù€Ù€Ù€Ù€Ù€Ù€Ù€Ù€Ù€Ù€Ù€Ù€Ù€Ù€Ù€Ù€Ù€Ù€Ù€Ù€Ù€Ù€Ù€Ù€Ù€Ù€Ù€Ù€Ù€Ù€Ù€Ù€Ù€Ù€Ù€Ù€",2013-02-24T08:42:55Z,200,3430000,213607762
Studio Bagel,"L'humour c'est drÃ´le

",2012-08-11T15:36:26Z,286,3420000,779322253
El Djazairia One,"Ø§Ù„Ø¬Ø²Ø§Ø¦Ø±ÙŠØ© ÙˆØ§Ù†
...Ù‚Ù†Ø§Ø© ÙƒÙ„ Ø§Ù„Ø¬Ø²Ø§Ø¦Ø±ÙŠÙŠÙ†",2014-11-18T06:54:14Z,21634,3420000,942610935
Paul Mina Storm,"I share out of print art films that I may want to revisit from time to time.

Primarily for personal pedagogical needs.",2011-09-13T00:27:04Z,28,14500,3616946
Astuces du Panda,"Des idÃ©es de bricolage pour les pandas.
Pour les demandes commerciales, contactez-moi Ã  : crafty@boredpanda.com",2018-12-23T15:14:59Z,516,3380000,936215676
Guillaume Pley,,2007-01-08T12:16:07Z,2174,3350000,664908212
Ubisoft,"When talent meets innovation, gathered to achieve the best gaming experience. Welcome to the official Ubisoft channel.",2006-03-04T21:30:38Z,11149,3340000,1157082600
Lolywood,"Lolywood c'est du grand spectacle Hollywoodien... sans les stars, les thunes et le spectacle !",2015-05-26T14:18:36Z,346,3300000,1143190096
TeeTee TV,"FChanelâ˜» - Funny Chanel
Funny Pacman, Pacman fun play, pacman roll down magic slide, pacman slide down magic slide
Funny Cats, funny dogs, funny animals,...
Funny videos
Like, comment and share If you like my compilation â˜»",2015-08-30T04:27:30Z,71,3280000,1442871743
Naps Officiel,"Chaine officielle de Naps.
Ok Many Industrie /  13eme Art Music",2014-06-20T15:30:35Z,102,3250000,2007875408
ÙØ±Ø§Ù†Ø³ 24 / FRANCE 24 Arabic,"ÙØ±Ø§Ù†Ø³24 Ù‚Ù†Ø§Ø© Ø¥Ø¹Ù„Ø§Ù…ÙŠØ© Ø¯ÙˆÙ„ÙŠØ© ØªØ¨Ø« Ø¨Ø±Ø§Ù…Ø¬Ù‡Ø§ Ø¹Ù„Ù‰ Ø§Ù„Ù‡ÙˆØ§Ø¡ Ù…Ø¨Ø§Ø´Ø±Ø©Ù‹ ÙˆØ¹Ù„Ù‰  Ø§Ù„Ø¥Ù†ØªØ±Ù†Øª Ø¨Ø«Ù„Ø§Ø« Ù„ØºØ§ØªØŒ Ø§Ù„ÙØ±Ù†Ø³ÙŠØ© ÙˆØ§Ù„Ø¥Ù†Ø¬Ù„ÙŠØ²ÙŠØ© ÙˆØ§Ù„Ø¹Ø±Ø¨ÙŠØ©.

ÙØ±Ø§Ù†Ø³24 ØªØªÙ†Ø§ÙˆÙ„ Ø§Ù„Ø£Ø®Ø¨Ø§Ø± Ø§Ù„Ø¯ÙˆÙ„ÙŠØ© Ø¨Ø±Ø¤ÙŠØ© ÙØ±Ù†Ø³ÙŠØ© ØªØ¹ØªÙ…Ø¯ Ø¹Ù„Ù‰ ØªØ¨Ø§ÙŠÙ† Ø§Ù„Ø¢Ø±Ø§Ø¡ØŒ ØªÙ†ÙˆØ¹ Ø§Ù„Ù†Ù‚Ø§Ø´Ø§Øª ÙˆØ§Ø®ØªÙ„Ø§Ù ÙˆØ¬Ù‡Ø§Øª Ø§Ù„Ù†Ø¸Ø± ÙˆØªÙ‚Ø¯Ù… ØªØ­Ù„ÙŠÙ„Ø§Ù‹ Ù…Ø¹Ù…Ù‘Ù‚Ø§ Ù„Ù„Ø£Ø®Ø¨Ø§Ø± Ù…Ø¹ Ø§Ù‡ØªÙ…Ø§Ù… Ø®Ø§Øµ Ø¨Ø§Ù„Ø«Ù‚Ø§ÙØ©.",2007-04-04T09:02:29Z,110461,3240000,1051794337
Famille Musulmane,Videos produites par FamilleMusulmane.com,2009-09-14T12:59:47Z,30,3230000,1265933670
Wass Freestyle,"Je suis Recordman du monde Guiness et 3X vice champion du monde de FREESTYLE FOOTBALL!
Ici tu peux voir mes vidÃ©os,mes dÃ©fis et apprendre et devenir un pro du freestyle football!

Tu peux acheter mes Speen Ball sur : www.speenstyle.com 

Contact :wassfreestyle@hotmail.fr",2007-03-24T08:09:06Z,400,3190000,462636631
Les Parodie Bros,"What's up la BrosFamily !!! 

ğŸ‘ŠAbonne toi et rejoins la famille la plus unie sur Youtube !!!
ğŸ¥2Ã¨me chaÃ®ne : https://www.youtube.com/c/TheParodieBrosShow

ğŸ®Code CrÃ©ateur Fornite: Pbros17
ğŸ‘•Nos vÃªtements : 
ğŸŒSite: https://www.lesparodiebros.com/
ğŸ“¸Instagram: https://www.instagram.com/pbros_shop/

Nos rÃ©seaux sociaux : 

ğŸ“¸Instagram: https://www.instagram.com/les_parodie_bros/
ğŸ¦Twitter: https://twitter.com/LesParodieBros
ğŸŸ¦Facebook : https://www.facebook.com/LesParodieBros
ğŸŸªTwitch: https://www.twitch.tv/lesparodiebros
ğŸ¸Discord: https://discord.com/invite/xd6WvVkFq5

Retrouvez-nous :
Olivier â¤µï¸
ğŸ“¸Instagram: https://www.instagram.com/pbroliv/

Stevenâ¤µï¸
ğŸ“¸Instagram: https://www.instagram.com/pbrostev/
ğŸ¥Youtube: https://www.youtube.com/c/Pbrostev
ğŸ§Spotify: https://open.spotify.com/artist/6thY65pB9l98OtYRLV36ky?si=hjJqRBumSuOMQRsuZGAOeg

â¤ï¸Sponsorise-nous: https://www.youtube.com/channel/UCMqzZ17aTG2hKj2mVl7U4MA/join
ğŸ“©Business: lesparodiebros@hos.agency 

#LesParodieBros #Pbros #TheParodieBrosShow

",2014-05-13T20:14:01Z,205,3190000,830259801
